/*
Navicat MySQL Data Transfer

Source Server         : mysql56-local3306
Source Server Version : 50624
Source Host           : localhost:3306
Source Database       : readbook

Target Server Type    : MYSQL
Target Server Version : 50624
File Encoding         : 65001

Date: 2015-10-23 13:10:09
*/


SET FOREIGN_KEY_CHECKS=0;
-- ----------------------------
-- Table structure for `books`
-- ----------------------------
DROP TABLE IF EXISTS `books`;
CREATE TABLE `books` (
  `bno` varchar(8) NOT NULL DEFAULT '',
  `classid` char(5) DEFAULT NULL,
  `bname` varchar(30) DEFAULT NULL,
  `author` varchar(30) DEFAULT NULL,
  `price` decimal(8,1) DEFAULT NULL,
  `publish` varchar(30) DEFAULT NULL,
  `csl` int(11) DEFAULT NULL,
  PRIMARY KEY (`bno`)
) ENGINE=InnoDB DEFAULT CHARSET=utf8;

-- ----------------------------
-- Records of books
-- ----------------------------
INSERT INTO `books` VALUES ('sn9001  ', 'jsj', 'SQL SERVER2005教程', '龚波', '10.5', '北京希望出版社', '5'), ('sn9002  ', 'jsj', 'Delphi数据库开发指南', '万科', '26.4', '清华大学出版社', '5'), ('sn9003  ', 'wx', '复活', '列夫托尔斯泰', '50.0', '上海人民出版社', '3'), ('sn9004  ', 'wx', '三重门', '韩寒', '16.0', '作家出版社', '1'), ('sn9005  ', 'wx', '零下一度', '韩寒', '20.0', '作家出版社', '1'), ('sn9006  ', 'jsj', '数据库设计凡人入门', '范明', '24.0', '人民邮电出版社', '1'), ('sn9007  ', 'kh', '达芬奇的密码', '丹布朗', '16.0', '上海人民出版社', '1'), ('sn9008  ', 'kh', '哈利波特', '罗琳', '69.0', '上海人民出版社', '5'), ('sn9009  ', 'jsj', 'Maya学习的革命', '孙立', '68.0', '北京希望出版社', '1'), ('sn9010  ', 'jsj', 'C语言程序设计基础', '潭浩强', '22.0', '清华大学出版社', '10'), ('sn9011  ', 'ly', '中国自助游', '王利', '36.0', '上海人民出版社', '5'), ('sn9012  ', 'ly', '浪漫巴黎', '刘佳音', '33.0', '上海人民出版社', '1'), ('sn9013  ', 'jsj', 'JAVA入门', '孙思强', '29.5', '北京希望出版社', '5'), ('sn9014  ', 'jsj', '数据库系统概论', '王珊', '34.0', '机械工业出版社', '5'), ('sn9015', 'jsj', 'R语言编程艺术', '麦特洛夫', '69.0', '机械工业出版社', '1'), ('sn9016', 'jsj', '像程序员一样思考', '斯保尔', '35.9', '人民邮电出版社', '2'), ('sn9017', 'zj', '穿布鞋的马云:决定阿里巴巴生死的27个节点', '王利芬', '42.0', '北京联合出版公司', '2'), ('sn9018', 'wx', '追风筝的人', '卡勒德·胡赛尼', '21.7', '上海人民出版社', '2'), ('sn9019', 'zj', '帝王师：刘伯温', '度阴山', '46.0', '江苏文艺出版社', '1'), ('sn9020', 'kh', '牧羊少年奇幻之旅', '保罗柯艾略', '18.3', '北京联合出版公司', '1'), ('sn9021', 'kh', '幻城', '郭敬明', '23.0', '江苏文艺出版社', '2'), ('sn9022', 'zj', '居里夫人自传', '玛丽居里', '19.8', '江苏文艺出版社', '1'), ('sn9023', 'zj', '爱因斯坦传', '沃尔特.艾萨克森', '31.8', '江苏文艺出版社', '1'), ('sn9024', 'jsj', '图解TCP/IP(第5版)', '竹下隆史、村山公保、荒井透、 苅田幸雄', '69.0', '北京希望出版社', '1'), ('sn9025', 'ys', '秘密花园', '乔汉娜贝斯福', '35.0', '北京联合出版公司', '5'), ('sn9026', 'zj', '向死而生:我修的死亡学分', '李开复', '42.0', '中信出版社', '1'), ('sn9027', 'jsj', 'Android从入门到精通', '明日科技', '69.0', '清华大学出版社', '3'), ('sn9028', 'jsj', 'Head First Java（中文版）', '塞若（Sierra，K.）', '79.0', '中国电力出版社', '2'), ('sn9029', 'jsj', 'Python核心编程（第二版）', '[美] Wesley J. Chun', '89.0', '人民邮电出版社', '2'), ('sn9030', 'jsj', 'php和mysql web开发(原书第4版)', '（澳）威利，（澳）汤姆森', '95.0', '机械工业出版社', '3'), ('sn9031', 'jsj', '用户体验要素：以用户为中心的产品设计', '（美）加瑞特', '39.0', '机械工业出版社', '1'), ('sn9032', 'ly', '孤独星球Lonely Planet“IN”系列：台湾', '澳大利亚Lonely Planet公司', '66.0', '中国地图出版社', '1'), ('sn9033', 'ly', '发现最世界：全球旅行圣地', '穷游网 中国国家地理·图书', '49.8', '北京联合出版公司', '1'), ('sn9034', 'wx', '看见', '柴静', '39.8', '广西师范大学出版社', '1'), ('sn9035', 'wx', '窗边的小豆豆', '（日）黑柳彻子', '25.0', '南海出版社', '2'), ('sn9036', 'wx', '活着', '余华', '20.0', '作家出版社', '1'), ('sn9037', 'sh', '种多肉、玩多肉一次搞定', '花草游戏编辑部　编著', '38.0', '河南科学技术出版社', '1'), ('sn9038', 'jj', '聪明的投资者(原本第四版)', '（美）本杰明.格雷厄姆', '58.0', '人民邮电出版社', '3'), ('sn9039', 'jj', '投资第一课', '那一水的鱼', '49.8', '新世界出版社', '2'), ('sn9040', 'jj', '资本的游戏（第2版 彩图本）', '房西苑', '99.0', '机械工业出版社', null);

-- ----------------------------
-- Table structure for `borrow`
-- ----------------------------
DROP TABLE IF EXISTS `borrow`;
CREATE TABLE `borrow` (
  `rno` varchar(7) NOT NULL DEFAULT '',
  `bno` varchar(8) NOT NULL DEFAULT '',
  `lenddate` datetime NOT NULL,
  `limitdate` datetime DEFAULT NULL,
  `returndate` datetime DEFAULT NULL,
  `fine` decimal(10,2) DEFAULT NULL,
  `renew` int(2) DEFAULT NULL,
  PRIMARY KEY (`rno`,`bno`,`lenddate`),
  KEY `fk_br_bno_idx` (`bno`),
  CONSTRAINT `fk_br_bno` FOREIGN KEY (`bno`) REFERENCES `books` (`bno`),
  CONSTRAINT `fk_br_rno` FOREIGN KEY (`rno`) REFERENCES `readers` (`rno`)
) ENGINE=InnoDB DEFAULT CHARSET=utf8;

-- ----------------------------
-- Records of borrow
-- ----------------------------
INSERT INTO `borrow` VALUES ('0411201', 'sn9001  ', '2006-01-01 00:00:00', '2006-03-01 00:00:00', '2006-02-20 00:00:00', '0.00', null), ('0411201', 'sn9002  ', '2006-01-01 00:00:00', '2006-03-01 00:00:00', '2006-02-20 00:00:00', '0.00', null), ('0411201', 'sn9003  ', '2006-03-01 00:00:00', '2006-07-01 00:00:00', '2006-08-20 00:00:00', '7.00', null), ('0411201', 'sn9006  ', '2008-05-09 00:00:00', '2008-08-09 00:00:00', '2008-12-19 00:00:00', '13.00', null), ('0411202', 'sn9005  ', '2005-12-08 00:00:00', '2006-03-08 00:00:00', '2006-05-12 00:00:00', '6.00', null), ('0411202', 'sn9006  ', '2005-12-08 00:00:00', '2006-03-08 00:00:00', '2006-05-12 00:00:00', '6.00', null), ('0411203', 'sn9006  ', '2008-10-01 00:00:00', '2009-01-01 00:00:00', '2008-11-19 00:00:00', '0.00', null), ('0411204', 'sn9002  ', '2009-09-05 00:00:00', '2009-12-05 00:00:00', '2009-12-01 00:00:00', '0.00', null), ('0411204', 'sn9003  ', '2009-09-05 00:00:00', '2009-12-05 00:00:00', '2009-12-01 00:00:00', '0.00', null), ('0411204', 'sn9004  ', '2005-12-18 00:00:00', '2006-03-18 00:00:00', '2006-04-20 00:00:00', '3.00', null), ('0411204', 'sn9019  ', '2006-03-20 00:00:00', '2006-04-10 00:00:00', '2006-04-20 00:00:00', '0.00', null), ('0411204', 'sn9022 ', '2005-12-18 00:00:00', '2006-03-18 00:00:00', '2006-04-20 00:00:00', '3.00', null), ('0411205', 'sn9001  ', '2010-03-23 00:00:00', '2010-06-23 00:00:00', '2011-01-01 00:00:00', '30.00', '1'), ('0411205', 'sn9010  ', '2010-03-23 00:00:00', '2010-06-23 00:00:00', '2011-01-01 00:00:00', '30.00', '1'), ('0411207', 'sn9004  ', '2006-04-15 00:00:00', '2006-05-30 00:00:00', '2006-05-14 00:00:00', '0.00', null), ('0411208', 'sn9003  ', '2006-02-19 00:00:00', '2006-06-19 00:00:00', '2006-09-19 00:00:00', '3.00', '1'), ('0411208', 'sn9004  ', '2006-02-19 00:00:00', '2006-05-30 00:00:00', '2006-05-19 00:00:00', '0.00', null), ('0411208', 'sn9006  ', '2006-02-19 00:00:00', '2006-05-30 00:00:00', '2006-05-19 00:00:00', '0.00', null), ('0411210', 'sn9011  ', '2010-09-01 00:00:00', '2010-12-01 00:00:00', '2010-11-09 00:00:00', '0.00', null), ('0811101', 'sn9022', '2014-03-18 00:00:00', '2014-09-18 00:00:00', null, null, null), ('0822101', 'sn9005', '2014-03-18 00:00:00', '2014-09-18 00:00:00', null, null, null), ('0822101', 'sn9013', '2014-05-05 00:00:00', '2014-11-05 00:00:00', null, null, null), ('0822101', 'sn9016', '2014-03-18 00:00:00', '2015-09-18 00:00:00', null, null, null), ('1022203', 'sn9010', '2013-02-26 00:00:00', '2013-08-26 00:00:00', '2013-07-01 00:00:00', '0.00', null), ('1022203', 'sn9013', '2013-02-26 00:00:00', '2013-08-26 00:00:00', '2013-07-01 00:00:00', '0.00', null), ('1022203', 'sn9016', '2014-03-18 00:00:00', '2014-09-18 00:00:00', '2013-09-05 00:00:00', '0.00', null), ('1022203', 'sn9020', '2014-05-05 00:00:00', '2014-11-05 00:00:00', null, null, null), ('1022203', 'sn9022', '2014-03-18 00:00:00', '2014-09-18 00:00:00', '2013-09-05 00:00:00', '0.00', null), ('1022204', 'sn9013  ', '2013-04-13 00:00:00', '2013-10-13 00:00:00', '2013-11-01 00:00:00', '6.00', null), ('1111201', 'sn9013  ', '2012-05-14 00:00:00', '2012-11-14 00:00:00', '2012-09-01 00:00:00', '0.00', null), ('1211101', 'sn9013  ', '2012-04-05 00:00:00', '2012-10-05 00:00:00', '2012-09-01 00:00:00', '0.00', null), ('1211102', 'sn9006 ', '2013-05-16 00:00:00', '2013-11-16 00:00:00', '2013-11-20 00:00:00', '5.00', null), ('1211102', 'sn9010 ', '2013-05-16 00:00:00', '2013-11-16 00:00:00', '2013-11-20 00:00:00', '5.00', null), ('1211102', 'sn9019', '2013-05-16 00:00:00', '2013-11-16 00:00:00', '2013-11-20 00:00:00', '5.00', null), ('1211102', 'sn9022', '2013-02-26 00:00:00', '2013-08-26 00:00:00', '2013-07-01 00:00:00', '0.00', null), ('1301041', 'sn9025', '2015-09-01 00:00:00', '2015-10-31 00:00:00', '2015-09-23 00:00:00', null, null), ('1301041', 'sn9027', '2015-09-01 00:00:00', '2015-11-30 00:00:00', null, null, '1'), ('1301041', 'sn9033', '2015-09-01 00:00:00', '2015-10-31 00:00:00', null, null, null), ('1403091', 'sn9039', '2015-07-11 00:00:00', '2016-01-10 00:00:00', null, null, null), ('1403091', 'sn9040', '2015-07-11 00:00:00', '2016-01-10 00:00:00', null, null, null);

-- ----------------------------
-- Table structure for `readers`
-- ----------------------------
DROP TABLE IF EXISTS `readers`;
CREATE TABLE `readers` (
  `rno` varchar(7) NOT NULL,
  `rname` char(15) NOT NULL,
  `rsex` varchar(2) DEFAULT NULL,
  `spet` char(20) DEFAULT NULL,
  `dept` char(20) DEFAULT NULL,
  `birthday` datetime DEFAULT NULL,
  `tel` char(11) DEFAULT NULL COMMENT '电话',
  PRIMARY KEY (`rno`)
) ENGINE=InnoDB DEFAULT CHARSET=utf8;

-- ----------------------------
-- Records of readers
-- ----------------------------
INSERT INTO `readers` VALUES ('0411201', '王小丫', '女', '信管', '信息工程', '1983-03-01 00:00:00', '674534'), ('0411202', '李咏', '男', '信管', '信息工程', '1987-09-18 00:00:00', '674511'), ('0411203', '董卿', '女', '信管', '信息工程', '1986-09-24 00:00:00', '674664'), ('0411204', '张晓晨', '女', '网络', '信息工程', '1986-08-08 00:00:00', '674755'), ('0411205', '罗刚', '男', '网络', '信息工程', '1987-08-19 00:00:00', '674334'), ('0411206', '李湘', '女', '计科', '信息工程', '1987-09-18 00:00:00', '674223'), ('0411207', '何炯', '男', '计科', '信息工程', '1986-04-28 00:00:00', '674545'), ('0411208', '汪函', '男', '计科', '信息工程', '1985-02-14 00:00:00', '674464'), ('0411209', '陈辰', '女', '网络', '信息工程', '1984-03-22 00:00:00', '674756'), ('0411210', '朱洁', '男', '信管', '信息工程', '1986-07-07 00:00:00', '674223'), ('0811101', '朱雨辰', '男', '计科', '信息工程', '1989-05-08 00:00:00', '674767'), ('0822101', '佟丽娅', '女', '财管', '经济与管理', '1989-12-13 00:00:00', '564545'), ('0911102', '赵丽颖', '女', '计科', '信息工程', '1990-03-04 00:00:00', '674243'), ('0922101', '孙俪', '女', '财管', '经济与管理', '1990-01-13 00:00:00', '674324'), ('1022102', '王铮亮', '男', '国贸', '经济与管理', '1992-07-15 00:00:00', '674576'), ('1022201', '佟大为', '男', '国贸', '经济与管理', '1992-10-19 00:00:00', '674334'), ('1022202', '张亮', '男', '财管', '经济与管理', '1992-04-15 00:00:00', '674655'), ('1022203', '赵子琪', '女', '财管', '经济与管理', '1992-04-17 00:00:00', '676753'), ('1022204', '舒畅', '女', '财管', '经济与管理', '1992-05-17 00:00:00', '675426'), ('1033202', '张翰', '男', '电子', '机械与电气工程', '1991-04-16 00:00:00', '674232'), ('1111201', '李宗翰', '男', '网络', '信息工程', '1991-09-19 00:00:00', '543234'), ('1133101', '张承宗', '男', '电子', '机械与电气工程', '1991-09-19 00:00:00', '674454'), ('1211101', '李易峰', '男', '计科', '信息工程', '1993-07-08 00:00:00', '543431'), ('1211102', '戚薇', '女', '计科', '信息工程', '1993-05-12 00:00:00', '234435'), ('1211103', '邓紫棋', '女', '计科', '信息工程', '1993-09-18 00:00:00', '563532'), ('1211201', '王颖', '男', '信管', '信息工程', '1993-12-08 00:00:00', '323242'), ('1222101', '徐峥', '男', '财管', '经济与管理', '1993-07-01 00:00:00', null), ('1222102', '唐嫣', '女', '财管', '经济与管理', '1993-08-19 00:00:00', null), ('1222201', '晓薇', '女', '财管', '经济与管理', '1994-01-01 00:00:00', null), ('1233101', '邓超', '男', '电子', '机械与电气工程', '1993-06-09 00:00:00', '534378'), ('1301011', '李晨', '男', '软工', '信息工程', '1980-02-14 00:00:00', '444444'), ('1301041', '范冰冰', '女', '软工', '信息工程', '1990-06-02 00:00:00', '666666'), ('1403091', '赵薇', '女', '金融', '经济与管理', '1995-05-01 00:00:00', '555555');
